Country,Year,Population
Argentina,1950,17037912
Argentina,1951,17390378
Argentina,1952,17742980
Argentina,1953,18094298
Argentina,1954,18443309
Argentina,1955,18789418
Argentina,1956,19132401
Argentina,1957,19472469
Argentina,1958,19810167
Argentina,1959,20146313
Argentina,1960,20481779
Argentina,1961,20817266
Argentina,1962,21153052
Argentina,1963,21488912
Argentina,1964,21824425
Argentina,1965,22159650
Argentina,1966,22494035
Argentina,1967,22828869
Argentina,1968,23168267
Argentina,1969,23517611
Argentina,1970,23880561
Argentina,1971,24259561
Argentina,1972,24653175
Argentina,1973,25056478
Argentina,1974,25462302
Argentina,1975,25865776
Argentina,1976,26264681
Argentina,1977,26661398
Argentina,1978,27061047
Argentina,1979,27471036
Argentina,1980,27896528
Argentina,1981,28338515
Argentina,1982,28794548
Argentina,1983,29262047
Argentina,1984,29737093
Argentina,1985,30216279
Argentina,1986,30698964
Argentina,1987,31184415
Argentina,1988,31668949
Argentina,1989,32148134
Argentina,1990,32618651
Argentina,1991,33079000
Argentina,1992,33529326
Argentina,1993,33970111
Argentina,1994,34402672
Argentina,1995,34828170
Argentina,1996,35246374
Argentina,1997,35657429
Argentina,1998,36063459
Argentina,1999,36467218
Argentina,2000,36870787
Argentina,2001,37275652
Argentina,2002,37681749
Argentina,2003,38087868
Argentina,2004,38491972
Argentina,2005,38892931
Argentina,2006,39289878
Argentina,2007,39684295
Argentina,2008,40080160
Argentina,2009,40482788
Argentina,2010,40895752
Argentina,2011,41320500
Argentina,2012,41755196
Argentina,2013,42196030
Argentina,2014,42637511
Argentina,2015,43075416
Argentina,2016,43508460
Argentina,2017,43937140
Argentina,2018,44361150
Argentina,2019,44780677
Argentina,2020,45195774
Argentina,2021,45608333
Argentina,2022,46017901
Argentina,2023,46424111
Argentina,2024,46826632
Argentina,2025,47225170
Argentina,2026,47619480
Argentina,2027,48009339
Argentina,2028,48394579
Argentina,2029,48775054
Argentina,2030,49150649
Argentina,2031,49521244
Argentina,2032,49886748
Argentina,2033,50247026
Argentina,2034,50601988
Argentina,2035,50951562
Argentina,2036,51295686
Argentina,2037,51634421
Argentina,2038,51967908
Argentina,2039,52296450
Argentina,2040,52620230
Argentina,2041,52939298
Argentina,2042,53253651
Argentina,2043,53563398
Argentina,2044,53868621
Argentina,2045,54169396
Argentina,2046,54465785
Argentina,2047,54757734
Argentina,2048,55045146
Argentina,2049,55327856
Argentina,2050,55605718
Argentina,2051,55878737
Argentina,2052,56146913
Argentina,2053,56410134
Argentina,2054,56668314
Argentina,2055,56921353
Argentina,2056,57169297
Argentina,2057,57412185
Argentina,2058,57650100
Argentina,2059,57883104
Argentina,2060,58111311
Argentina,2061,58334830
Argentina,2062,58553819
Argentina,2063,58768483
Argentina,2064,58979075
Argentina,2065,59185847
Argentina,2066,59388988
Argentina,2067,59588733
Argentina,2068,59785383
Argentina,2069,59979318
Argentina,2070,60170859
Argentina,2071,60360235
Argentina,2072,60547690
Argentina,2073,60733481
Argentina,2074,60917893
Argentina,2075,61101185
Argentina,2076,61283561
Argentina,2077,61465205
Argentina,2078,61646320
Argentina,2079,61827070
Argentina,2080,62007628
Argentina,2081,62188126
Argentina,2082,62368684
Argentina,2083,62549413
Argentina,2084,62730397
Argentina,2085,62911726
Argentina,2086,63093449
Argentina,2087,63275621
Argentina,2088,63458252
Argentina,2089,63641329
Argentina,2090,63824817
Argentina,2091,64008727
Argentina,2092,64193043
Argentina,2093,64377770
Argentina,2094,64562884
Argentina,2095,64748356
Argentina,2096,64934143
Argentina,2097,65120174
Argentina,2098,65306353
Argentina,2099,65492581
Argentina,2100,65678719
Bolivia (Plurinational State of),1950,3081830
Bolivia (Plurinational State of),1951,3124341
Bolivia (Plurinational State of),1952,3170675
Bolivia (Plurinational State of),1953,3220686
Bolivia (Plurinational State of),1954,3274201
Bolivia (Plurinational State of),1955,3331036
Bolivia (Plurinational State of),1956,3390967
Bolivia (Plurinational State of),1957,3453770
Bolivia (Plurinational State of),1958,3519195
Bolivia (Plurinational State of),1959,3586988
Bolivia (Plurinational State of),1960,3656955
Bolivia (Plurinational State of),1961,3728964
Bolivia (Plurinational State of),1962,3802990
Bolivia (Plurinational State of),1963,3879192
Bolivia (Plurinational State of),1964,3957757
Bolivia (Plurinational State of),1965,4038872
Bolivia (Plurinational State of),1966,4122517
Bolivia (Plurinational State of),1967,4208676
Bolivia (Plurinational State of),1968,4297517
Bolivia (Plurinational State of),1969,4389246
Bolivia (Plurinational State of),1970,4484004
Bolivia (Plurinational State of),1971,4581740
Bolivia (Plurinational State of),1972,4682390
Bolivia (Plurinational State of),1973,4785923
Bolivia (Plurinational State of),1974,4892293
Bolivia (Plurinational State of),1975,5001419
Bolivia (Plurinational State of),1976,5113456
Bolivia (Plurinational State of),1977,5228252
Bolivia (Plurinational State of),1978,5344939
Bolivia (Plurinational State of),1979,5462419
Bolivia (Plurinational State of),1980,5579935
Bolivia (Plurinational State of),1981,5697096
Bolivia (Plurinational State of),1982,5814345
Bolivia (Plurinational State of),1983,5932810
Bolivia (Plurinational State of),1984,6054123
Bolivia (Plurinational State of),1985,6179460
Bolivia (Plurinational State of),1986,6309130
Bolivia (Plurinational State of),1987,6442831
Bolivia (Plurinational State of),1988,6580312
Bolivia (Plurinational State of),1989,6721115
Bolivia (Plurinational State of),1990,6864842
Bolivia (Plurinational State of),1991,7011453
Bolivia (Plurinational State of),1992,7160920
Bolivia (Plurinational State of),1993,7312850
Bolivia (Plurinational State of),1994,7466793
Bolivia (Plurinational State of),1995,7622338
Bolivia (Plurinational State of),1996,7779267
Bolivia (Plurinational State of),1997,7937458
Bolivia (Plurinational State of),1998,8096761
Bolivia (Plurinational State of),1999,8257066
Bolivia (Plurinational State of),2000,8418264
Bolivia (Plurinational State of),2001,8580235
Bolivia (Plurinational State of),2002,8742814
Bolivia (Plurinational State of),2003,8905823
Bolivia (Plurinational State of),2004,9069039
Bolivia (Plurinational State of),2005,9232306
Bolivia (Plurinational State of),2006,9395446
Bolivia (Plurinational State of),2007,9558439
Bolivia (Plurinational State of),2008,9721454
Bolivia (Plurinational State of),2009,9884781
Bolivia (Plurinational State of),2010,10048590
Bolivia (Plurinational State of),2011,10212954
Bolivia (Plurinational State of),2012,10377676
Bolivia (Plurinational State of),2013,10542377
Bolivia (Plurinational State of),2014,10706517
Bolivia (Plurinational State of),2015,10869730
Bolivia (Plurinational State of),2016,11031814
Bolivia (Plurinational State of),2017,11192855
Bolivia (Plurinational State of),2018,11353142
Bolivia (Plurinational State of),2019,11513100
Bolivia (Plurinational State of),2020,11673021
Bolivia (Plurinational State of),2021,11839424
Bolivia (Plurinational State of),2022,12007906
Bolivia (Plurinational State of),2023,12178124
Bolivia (Plurinational State of),2024,12349793
Bolivia (Plurinational State of),2025,12522623
Bolivia (Plurinational State of),2026,12696371
Bolivia (Plurinational State of),2027,12870811
Bolivia (Plurinational State of),2028,13045758
Bolivia (Plurinational State of),2029,13221048
Bolivia (Plurinational State of),2030,13396493
Bolivia (Plurinational State of),2031,13571975
Bolivia (Plurinational State of),2032,13747307
Bolivia (Plurinational State of),2033,13922340
Bolivia (Plurinational State of),2034,14096898
Bolivia (Plurinational State of),2035,14270850
Bolivia (Plurinational State of),2036,14444101
Bolivia (Plurinational State of),2037,14616594
Bolivia (Plurinational State of),2038,14788326
Bolivia (Plurinational State of),2039,14959302
Bolivia (Plurinational State of),2040,15129540
Bolivia (Plurinational State of),2041,15299028
Bolivia (Plurinational State of),2042,15467776
Bolivia (Plurinational State of),2043,15635836
Bolivia (Plurinational State of),2044,15803298
Bolivia (Plurinational State of),2045,15970251
Bolivia (Plurinational State of),2046,16136744
Bolivia (Plurinational State of),2047,16302794
Bolivia (Plurinational State of),2048,16468455
Bolivia (Plurinational State of),2049,16633771
Bolivia (Plurinational State of),2050,16798787
Bolivia (Plurinational State of),2051,16963525
Bolivia (Plurinational State of),2052,17128032
Bolivia (Plurinational State of),2053,17292402
Bolivia (Plurinational State of),2054,17456761
Bolivia (Plurinational State of),2055,17621187
Bolivia (Plurinational State of),2056,17785716
Bolivia (Plurinational State of),2057,17950309
Bolivia (Plurinational State of),2058,18114909
Bolivia (Plurinational State of),2059,18279409
Bolivia (Plurinational State of),2060,18443725
Bolivia (Plurinational State of),2061,18607835
Bolivia (Plurinational State of),2062,18771718
Bolivia (Plurinational State of),2063,18935259
Bolivia (Plurinational State of),2064,19098330
Bolivia (Plurinational State of),2065,19260839
Bolivia (Plurinational State of),2066,19422742
Bolivia (Plurinational State of),2067,19584059
Bolivia (Plurinational State of),2068,19744761
Bolivia (Plurinational State of),2069,19904856
Bolivia (Plurinational State of),2070,20064353
Bolivia (Plurinational State of),2071,20223266
Bolivia (Plurinational State of),2072,20381647
Bolivia (Plurinational State of),2073,20539578
Bolivia (Plurinational State of),2074,20697165
Bolivia (Plurinational State of),2075,20854510
Bolivia (Plurinational State of),2076,21011689
Bolivia (Plurinational State of),2077,21168775
Bolivia (Plurinational State of),2078,21325886
Bolivia (Plurinational State of),2079,21483178
Bolivia (Plurinational State of),2080,21640765
Bolivia (Plurinational State of),2081,21798743
Bolivia (Plurinational State of),2082,21957196
Bolivia (Plurinational State of),2083,22116240
Bolivia (Plurinational State of),2084,22275973
Bolivia (Plurinational State of),2085,22436501
Bolivia (Plurinational State of),2086,22597903
Bolivia (Plurinational State of),2087,22760235
Bolivia (Plurinational State of),2088,22923563
Bolivia (Plurinational State of),2089,23087954
Bolivia (Plurinational State of),2090,23253441
Bolivia (Plurinational State of),2091,23420073
Bolivia (Plurinational State of),2092,23587879
Bolivia (Plurinational State of),2093,23756853
Bolivia (Plurinational State of),2094,23927021
Bolivia (Plurinational State of),2095,24098374
Bolivia (Plurinational State of),2096,24270895
Bolivia (Plurinational State of),2097,24444571
Bolivia (Plurinational State of),2098,24619391
Bolivia (Plurinational State of),2099,24795307
Bolivia (Plurinational State of),2100,24972285
Brazil,1950,53974729
Brazil,1951,55606419
Brazil,1952,57283658
Brazil,1953,58999277
Brazil,1954,60749500
Brazil,1955,62533919
Brazil,1956,64355722
Brazil,1957,66221466
Brazil,1958,68140425
Brazil,1959,70123377
Brazil,1960,72179226
Brazil,1961,74311343
Brazil,1962,76514328
Brazil,1963,78772657
Brazil,1964,81064571
Brazil,1965,83373530
Brazil,1966,85696505
Brazil,1967,88035814
Brazil,1968,90387079
Brazil,1969,92746614
Brazil,1970,95113265
Brazil,1971,97482920
Brazil,1972,99859383
Brazil,1973,102259497
Brazil,1974,104706198
Brazil,1975,107216205
Brazil,1976,109790938
Brazil,1977,112425392
Brazil,1978,115121153
Brazil,1979,117878411
Brazil,1980,120694009
Brazil,1981,123570327
Brazil,1982,126498314
Brazil,1983,129448819
Brazil,1984,132383568
Brazil,1985,135274080
Brazil,1986,138108912
Brazil,1987,140891602
Brazil,1988,143627503
Brazil,1989,146328304
Brazil,1990,149003223
Brazil,1991,151648011
Brazil,1992,154259380
Brazil,1993,156849078
Brazil,1994,159432716
Brazil,1995,162019896
Brazil,1996,164614688
Brazil,1997,167209040
Brazil,1998,169785250
Brazil,1999,172318675
Brazil,2000,174790340
Brazil,2001,177196054
Brazil,2002,179537520
Brazil,2003,181809246
Brazil,2004,184006481
Brazil,2005,186127103
Brazil,2006,188167356
Brazil,2007,190130443
Brazil,2008,192030362
Brazil,2009,193886508
Brazil,2010,195713635
Brazil,2011,197514536
Brazil,2012,199287299
Brazil,2013,201035912
Brazil,2014,202763739
Brazil,2015,204471769
Brazil,2016,206163053
Brazil,2017,207833823
Brazil,2018,209469323
Brazil,2019,211049527
Brazil,2020,212559417
Brazil,2021,214002631
Brazil,2022,215384332
Brazil,2023,216702698
Brazil,2024,217956094
Brazil,2025,219142987
Brazil,2026,220262030
Brazil,2027,221311989
Brazil,2028,222291816
Brazil,2029,223200598
Brazil,2030,224037576
Brazil,2031,224802247
Brazil,2032,225494268
Brazil,2033,226113537
Brazil,2034,226660145
Brazil,2035,227134312
Brazil,2036,227536442
Brazil,2037,227867020
Brazil,2038,228126571
Brazil,2039,228315761
Brazil,2040,228435497
Brazil,2041,228486671
Brazil,2042,228470706
Brazil,2043,228389714
Brazil,2044,228246174
Brazil,2045,228042421
Brazil,2046,227780005
Brazil,2047,227460430
Brazil,2048,227085912
Brazil,2049,226658786
Brazil,2050,226181177
Brazil,2051,225654867
Brazil,2052,225081234
Brazil,2053,224461521
Brazil,2054,223796723
Brazil,2055,223087938
Brazil,2056,222336713
Brazil,2057,221544532
Brazil,2058,220712392
Brazil,2059,219841136
Brazil,2060,218931794
Brazil,2061,217985888
Brazil,2062,217005136
Brazil,2063,215991236
Brazil,2064,214945981
Brazil,2065,213871245
Brazil,2066,212768843
Brazil,2067,211640718
Brazil,2068,210489141
Brazil,2069,209316501
Brazil,2070,208125189
Brazil,2071,206917216
Brazil,2072,205694683
Brazil,2073,204460082
Brazil,2074,203215998
Brazil,2075,201964893
Brazil,2076,200708695
Brazil,2077,199449255
Brazil,2078,198188837
Brazil,2079,196929716
Brazil,2080,195673927
Brazil,2081,194422984
Brazil,2082,193178116
Brazil,2083,191940596
Brazil,2084,190711543
Brazil,2085,189491865
Brazil,2086,188282441
Brazil,2087,187083807
Brazil,2088,185896064
Brazil,2089,184719011
Brazil,2090,183552495
Brazil,2091,182396446
Brazil,2092,181250902
Brazil,2093,180115875
Brazil,2094,178991319
Brazil,2095,177876963
Brazil,2096,176772331
Brazil,2097,175676728
Brazil,2098,174589206
Brazil,2099,173508585
Brazil,2100,172433452
Chile,1950,6598524
Chile,1951,6729579
Chile,1952,6869709
Chile,1953,7016468
Chile,1954,7167907
Chile,1955,7322652
Chile,1956,7479850
Chile,1957,7639205
Chile,1958,7800877
Chile,1959,7965331
Chile,1960,8132990
Chile,1961,8303811
Chile,1962,8476897
Chile,1963,8650387
Chile,1964,8821858
Chile,1965,8989621
Chile,1966,9152844
Chile,1967,9312095
Chile,1968,9468845
Chile,1969,9625312
Chile,1970,9783134
Chile,1971,9942727
Chile,1972,10103674
Chile,1973,10265829
Chile,1974,10428798
Chile,1975,10592307
Chile,1976,10756878
Chile,1977,10922779
Chile,1978,11089165
Chile,1979,11254877
Chile,1980,11419348
Chile,1981,11582014
Chile,1982,11743911
Chile,1983,11907960
Chile,1984,12078135
Chile,1985,12257236
Chile,1986,12445823
Chile,1987,12642924
Chile,1988,12847708
Chile,1989,13058758
Chile,1990,13274623
Chile,1991,13495258
Chile,1992,13719819
Chile,1993,13944937
Chile,1994,14166340
Chile,1995,14380866
Chile,1996,14587370
Chile,1997,14786220
Chile,1998,14977733
Chile,1999,15162800
Chile,2000,15342353
Chile,2001,15516113
Chile,2002,15684409
Chile,2003,15849652
Chile,2004,16014971
Chile,2005,16182721
Chile,2006,16354504
Chile,2007,16530195
Chile,2008,16708258
Chile,2009,16886186
Chile,2010,17062536
Chile,2011,17233576
Chile,2012,17400347
Chile,2013,17571507
Chile,2014,17758959
Chile,2015,17969353
Chile,2016,18209068
Chile,2017,18470439
Chile,2018,18729160
Chile,2019,18952038
Chile,2020,19116201
Chile,2021,19132654
Chile,2022,19156330
Chile,2023,19183547
Chile,2024,19211871
Chile,2025,19240171
Chile,2026,19268659
Chile,2027,19298822
Chile,2028,19333203
Chile,2029,19374982
Chile,2030,19426818
Chile,2031,19489559
Chile,2032,19561173
Chile,2033,19636256
Chile,2034,19707371
Chile,2035,19769008
Chile,2036,19819148
Chile,2037,19858712
Chile,2038,19888732
Chile,2039,19911360
Chile,2040,19928210
Chile,2041,19939219
Chile,2042,19943687
Chile,2043,19941974
Chile,2044,19934576
Chile,2045,19921867
Chile,2046,19904096
Chile,2047,19881440
Chile,2048,19854133
Chile,2049,19822420
Chile,2050,19786500
Chile,2051,19746605
Chile,2052,19702897
Chile,2053,19655483
Chile,2054,19604418
Chile,2055,19549774
Chile,2056,19491687
Chile,2057,19430330
Chile,2058,19365908
Chile,2059,19298629
Chile,2060,19228685
Chile,2061,19156224
Chile,2062,19081354
Chile,2063,19004169
Chile,2064,18924735
Chile,2065,18843130
Chile,2066,18759486
Chile,2067,18673917
Chile,2068,18586542
Chile,2069,18497434
Chile,2070,18406690
Chile,2071,18314437
Chile,2072,18220818
Chile,2073,18125976
Chile,2074,18030067
Chile,2075,17933255
Chile,2076,17835651
Chile,2077,17737408
Chile,2078,17638720
Chile,2079,17539798
Chile,2080,17440828
Chile,2081,17341932
Chile,2082,17243200
Chile,2083,17144769
Chile,2084,17046736
Chile,2085,16949210
Chile,2086,16852269
Chile,2087,16755952
Chile,2088,16660266
Chile,2089,16565189
Chile,2090,16470711
Chile,2091,16376833
Chile,2092,16283539
Chile,2093,16190857
Chile,2094,16098770
Chile,2095,16007271
Chile,2096,15916300
Chile,2097,15825829
Chile,2098,15735755
Chile,2099,15645963
Chile,2100,15556336
Colombia,1950,11981576
Colombia,1951,12295968
Colombia,1952,12633908
Colombia,1953,12993841
Colombia,1954,13374536
Colombia,1955,13775000
Colombia,1956,14194557
Colombia,1957,14632797
Colombia,1958,15089519
Colombia,1959,15564616
Colombia,1960,16057724
Colombia,1961,16567811
Colombia,1962,17092918
Colombia,1963,17629979
Colombia,1964,18175185
Colombia,1965,18725245
Colombia,1966,19279740
Colombia,1967,19837510
Colombia,1968,20393699
Colombia,1969,20942456
Colombia,1970,21480065
Colombia,1971,22003980
Colombia,1972,22516425
Colombia,1973,23024517
Colombia,1974,23538386
Colombia,1975,24065507
Colombia,1976,24608113
Colombia,1977,25164545
Colombia,1978,25733673
Colombia,1979,26312994
Colombia,1980,26900506
Colombia,1981,27496617
Colombia,1982,28101819
Colombia,1983,28714190
Colombia,1984,29331238
Colombia,1985,29951201
Colombia,1986,30572478
Colombia,1987,31195413
Colombia,1988,31822525
Colombia,1989,32457499
Colombia,1990,33102575
Colombia,1991,33758337
Colombia,1992,34422569
Colombia,1993,35091275
Colombia,1994,35758979
Colombia,1995,36421438
Colombia,1996,37076387
Colombia,1997,37723800
Colombia,1998,38364309
Colombia,1999,38999471
Colombia,2000,39629968
Colombia,2001,40255967
Colombia,2002,40875360
Colombia,2003,41483869
Colombia,2004,42075955
Colombia,2005,42647723
Colombia,2006,43200897
Colombia,2007,43737516
Colombia,2008,44254975
Colombia,2009,44750054
Colombia,2010,45222700
Colombia,2011,45662748
Colombia,2012,46075718
Colombia,2013,46495493
Colombia,2014,46967696
Colombia,2015,47520667
Colombia,2016,48175052
Colombia,2017,48909839
Colombia,2018,49661048
Colombia,2019,50339443
Colombia,2020,50882891
Colombia,2021,51065532
Colombia,2022,51285273
Colombia,2023,51536408
Colombia,2024,51813075
Colombia,2025,52109216
Colombia,2026,52418538
Colombia,2027,52734575
Colombia,2028,53050789
Colombia,2029,53360805
Colombia,2030,53659000
Colombia,2031,53941227
Colombia,2032,54205321
Colombia,2033,54451433
Colombia,2034,54681260
Colombia,2035,54895989
Colombia,2036,55094674
Colombia,2037,55275908
Colombia,2038,55440069
Colombia,2039,55587908
Colombia,2040,55720014
Colombia,2041,55836513
Colombia,2042,55937364
Colombia,2043,56022916
Colombia,2044,56093569
Colombia,2045,56149708
Colombia,2046,56191616
Colombia,2047,56219567
Colombia,2048,56233925
Colombia,2049,56235078
Colombia,2050,56223383
Colombia,2051,56199127
Colombia,2052,56162576
Colombia,2053,56114067
Colombia,2054,56053921
Colombia,2055,55982460
Colombia,2056,55899967
Colombia,2057,55806626
Colombia,2058,55702520
Colombia,2059,55587653
Colombia,2060,55462080
Colombia,2061,55326013
Colombia,2062,55179734
Colombia,2063,55023432
Colombia,2064,54857379
Colombia,2065,54681817
Colombia,2066,54497021
Colombia,2067,54303311
Colombia,2068,54100954
Colombia,2069,53890234
Colombia,2070,53671515
Colombia,2071,53445145
Colombia,2072,53211576
Colombia,2073,52971238
Colombia,2074,52724613
Colombia,2075,52472211
Colombia,2076,52214446
Colombia,2077,51951878
Colombia,2078,51685210
Colombia,2079,51415229
Colombia,2080,51142661
Colombia,2081,50868023
Colombia,2082,50591779
Colombia,2083,50314487
Colombia,2084,50036682
Colombia,2085,49758872
Colombia,2086,49481453
Colombia,2087,49204803
Colombia,2088,48929329
Colombia,2089,48655466
Colombia,2090,48383544
Colombia,2091,48113800
Colombia,2092,47846379
Colombia,2093,47581360
Colombia,2094,47318770
Colombia,2095,47058589
Colombia,2096,46800787
Colombia,2097,46545309
Colombia,2098,46292083
Colombia,2099,46041001
Colombia,2100,45791954
Ecuador,1950,3470159
Ecuador,1951,3561079
Ecuador,1952,3654722
Ecuador,1953,3751595
Ecuador,1954,3852126
Ecuador,1955,3956620
Ecuador,1956,4065313
Ecuador,1957,4178344
Ecuador,1958,4295747
Ecuador,1959,4417535
Ecuador,1960,4543666
Ecuador,1961,4674172
Ecuador,1962,4809201
Ecuador,1963,4948986
Ecuador,1964,5093854
Ecuador,1965,5243977
Ecuador,1966,5399422
Ecuador,1967,5560012
Ecuador,1968,5725459
Ecuador,1969,5895367
Ecuador,1970,6069376
Ecuador,1971,6247418
Ecuador,1972,6429379
Ecuador,1973,6614843
Ecuador,1974,6803280
Ecuador,1975,6994334
Ecuador,1976,7187787
Ecuador,1977,7383724
Ecuador,1978,7582353
Ecuador,1979,7784072
Ecuador,1980,7989186
Ecuador,1981,8197652
Ecuador,1982,8409397
Ecuador,1983,8624594
Ecuador,1984,8843462
Ecuador,1985,9066109
Ecuador,1986,9292474
Ecuador,1987,9522360
Ecuador,1988,9755579
Ecuador,1989,9991870
Ecuador,1990,10230934
Ecuador,1991,10472475
Ecuador,1992,10716129
Ecuador,1993,10961466
Ecuador,1994,11208001
Ecuador,1995,11455204
Ecuador,1996,11703174
Ecuador,1997,11951452
Ecuador,1998,12198449
Ecuador,1999,12442115
Ecuador,2000,12681123
Ecuador,2001,12914667
Ecuador,2002,13143465
Ecuador,2003,13369678
Ecuador,2004,13596388
Ecuador,2005,13825847
Ecuador,2006,14059384
Ecuador,2007,14296557
Ecuador,2008,14535739
Ecuador,2009,14774424
Ecuador,2010,15011117
Ecuador,2011,15243884
Ecuador,2012,15474101
Ecuador,2013,15707474
Ecuador,2014,15951840
Ecuador,2015,16212020
Ecuador,2016,16491116
Ecuador,2017,16785361
Ecuador,2018,17084358
Ecuador,2019,17373662
Ecuador,2020,17643054
Ecuador,2021,17867834
Ecuador,2022,18095735
Ecuador,2023,18326224
Ecuador,2024,18558762
Ecuador,2025,18792831
Ecuador,2026,19027891
Ecuador,2027,19263387
Ecuador,2028,19498796
Ecuador,2029,19733578
Ecuador,2030,19967273
Ecuador,2031,20199506
Ecuador,2032,20430045
Ecuador,2033,20658786
Ecuador,2034,20885760
Ecuador,2035,21110966
Ecuador,2036,21334261
Ecuador,2037,21555507
Ecuador,2038,21774638
Ecuador,2039,21991635
Ecuador,2040,22206489
Ecuador,2041,22419152
Ecuador,2042,22629587
Ecuador,2043,22837868
Ecuador,2044,23044078
Ecuador,2045,23248270
Ecuador,2046,23450467
Ecuador,2047,23650659
Ecuador,2048,23848856
Ecuador,2049,24045037
Ecuador,2050,24239200
Ecuador,2051,24431378
Ecuador,2052,24621576
Ecuador,2053,24809805
Ecuador,2054,24996073
Ecuador,2055,25180390
Ecuador,2056,25362785
Ecuador,2057,25543273
Ecuador,2058,25721892
Ecuador,2059,25898645
Ecuador,2060,26073563
Ecuador,2061,26246677
Ecuador,2062,26418051
Ecuador,2063,26587723
Ecuador,2064,26755763
Ecuador,2065,26922230
Ecuador,2066,27087189
Ecuador,2067,27250720
Ecuador,2068,27412880
Ecuador,2069,27573780
Ecuador,2070,27733494
Ecuador,2071,27892114
Ecuador,2072,28049728
Ecuador,2073,28206441
Ecuador,2074,28362378
Ecuador,2075,28517637
Ecuador,2076,28672326
Ecuador,2077,28826530
Ecuador,2078,28980384
Ecuador,2079,29133992
Ecuador,2080,29287464
Ecuador,2081,29440891
Ecuador,2082,29594365
Ecuador,2083,29748004
Ecuador,2084,29901909
Ecuador,2085,30056182
Ecuador,2086,30210888
Ecuador,2087,30366091
Ecuador,2088,30521860
Ecuador,2089,30678252
Ecuador,2090,30835294
Ecuador,2091,30993043
Ecuador,2092,31151497
Ecuador,2093,31310684
Ecuador,2094,31470587
Ecuador,2095,31631190
Ecuador,2096,31792481
Ecuador,2097,31954438
Ecuador,2098,32117014
Ecuador,2099,32280186
Ecuador,2100,32443892
Guyana,1950,406559
Guyana,1951,418674
Guyana,1952,432818
Guyana,1953,448464
Guyana,1954,465172
Guyana,1955,482555
Guyana,1956,500324
Guyana,1957,518259
Guyana,1958,536218
Guyana,1959,554092
Guyana,1960,571819
Guyana,1961,589274
Guyana,1962,606285
Guyana,1963,622575
Guyana,1964,637845
Guyana,1965,651868
Guyana,1966,664521
Guyana,1967,675871
Guyana,1968,686146
Guyana,1969,695745
Guyana,1970,704934
Guyana,1971,713684
Guyana,1972,721948
Guyana,1973,729916
Guyana,1974,737847
Guyana,1975,745841
Guyana,1976,754101
Guyana,1977,762424
Guyana,1978,770125
Guyana,1979,776254
Guyana,1980,780153
Guyana,1981,781732
Guyana,1982,781246
Guyana,1983,778948
Guyana,1984,775219
Guyana,1985,770435
Guyana,1986,764446
Guyana,1987,757448
Guyana,1988,750639
Guyana,1989,745585
Guyana,1990,743309
Guyana,1991,744474
Guyana,1992,748602
Guyana,1993,754144
Guyana,1994,758896
Guyana,1995,761291
Guyana,1996,760795
Guyana,1997,757970
Guyana,1998,753778
Guyana,1999,749674
Guyana,2000,746715
Guyana,2001,745206
Guyana,2002,744789
Guyana,2003,745143
Guyana,2004,745737
Guyana,2005,746163
Guyana,2006,746343
Guyana,2007,746474
Guyana,2008,746817
Guyana,2009,747718
Guyana,2010,749436
Guyana,2011,752028
Guyana,2012,755399
Guyana,2013,759285
Guyana,2014,763380
Guyana,2015,767432
Guyana,2016,771368
Guyana,2017,775222
Guyana,2018,779006
Guyana,2019,782766
Guyana,2020,786552
Guyana,2021,790375
Guyana,2022,794415
Guyana,2023,798622
Guyana,2024,802944
Guyana,2025,807334
Guyana,2026,811731
Guyana,2027,816084
Guyana,2028,820337
Guyana,2029,824439
Guyana,2030,828341
Guyana,2031,832018
Guyana,2032,835461
Guyana,2033,838651
Guyana,2034,841617
Guyana,2035,844366
Guyana,2036,846901
Guyana,2037,849213
Guyana,2038,851308
Guyana,2039,853218
Guyana,2040,854934
Guyana,2041,856476
Guyana,2042,857857
Guyana,2043,859071
Guyana,2044,860141
Guyana,2045,861071
Guyana,2046,861882
Guyana,2047,862560
Guyana,2048,863131
Guyana,2049,863570
Guyana,2050,863915
Guyana,2051,864142
Guyana,2052,864268
Guyana,2053,864284
Guyana,2054,864198
Guyana,2055,864002
Guyana,2056,863704
Guyana,2057,863301
Guyana,2058,862789
Guyana,2059,862193
Guyana,2060,861493
Guyana,2061,860700
Guyana,2062,859802
Guyana,2063,858831
Guyana,2064,857752
Guyana,2065,856577
Guyana,2066,855325
Guyana,2067,853967
Guyana,2068,852518
Guyana,2069,850987
Guyana,2070,849351
Guyana,2071,847638
Guyana,2072,845832
Guyana,2073,843941
Guyana,2074,841970
Guyana,2075,839923
Guyana,2076,837805
Guyana,2077,835611
Guyana,2078,833353
Guyana,2079,831024
Guyana,2080,828630
Guyana,2081,826184
Guyana,2082,823666
Guyana,2083,821107
Guyana,2084,818491
Guyana,2085,815824
Guyana,2086,813118
Guyana,2087,810368
Guyana,2088,807569
Guyana,2089,804730
Guyana,2090,801846
Guyana,2091,798923
Guyana,2092,795963
Guyana,2093,792957
Guyana,2094,789935
Guyana,2095,786878
Guyana,2096,783791
Guyana,2097,780681
Guyana,2098,777550
Guyana,2099,774404
Guyana,2100,771226
Paraguay,1950,1473253
Paraguay,1951,1511848
Paraguay,1952,1550979
Paraguay,1953,1590861
Paraguay,1954,1631701
Paraguay,1955,1673665
Paraguay,1956,1716874
Paraguay,1957,1761448
Paraguay,1958,1807460
Paraguay,1959,1854956
Paraguay,1960,1903982
Paraguay,1961,1954548
Paraguay,1962,2006670
Paraguay,1963,2060339
Paraguay,1964,2115567
Paraguay,1965,2172306
Paraguay,1966,2230741
Paraguay,1967,2290798
Paraguay,1968,2351925
Paraguay,1969,2413396
Paraguay,1970,2474763
Paraguay,1971,2535873
Paraguay,1972,2597154
Paraguay,1973,2659421
Paraguay,1974,2723812
Paraguay,1975,2791241
Paraguay,1976,2861867
Paraguay,1977,2935712
Paraguay,1978,3013282
Paraguay,1979,3095145
Paraguay,1980,3181625
Paraguay,1981,3272912
Paraguay,1982,3368773
Paraguay,1983,3468535
Paraguay,1984,3571272
Paraguay,1985,3676210
Paraguay,1986,3783074
Paraguay,1987,3891734
Paraguay,1988,4001681
Paraguay,1989,4112386
Paraguay,1990,4223415
Paraguay,1991,4334345
Paraguay,1992,4445016
Paraguay,1993,4555521
Paraguay,1994,4666094
Paraguay,1995,4776843
Paraguay,1996,4887632
Paraguay,1997,4998100
Paraguay,1998,5107839
Paraguay,1999,5216349
Paraguay,2000,5323201
Paraguay,2001,5428444
Paraguay,2002,5531962
Paraguay,2003,5632983
Paraguay,2004,5730549
Paraguay,2005,5824096
Paraguay,2006,5913209
Paraguay,2007,5998427
Paraguay,2008,6081296
Paraguay,2009,6163972
Paraguay,2010,6248020
Paraguay,2011,6333976
Paraguay,2012,6421513
Paraguay,2013,6510276
Paraguay,2014,6599526
Paraguay,2015,6688746
Paraguay,2016,6777872
Paraguay,2017,6867061
Paraguay,2018,6956066
Paraguay,2019,7044636
Paraguay,2020,7132538
Paraguay,2021,7223093
Paraguay,2022,7313918
Paraguay,2023,7404805
Paraguay,2024,7495573
Paraguay,2025,7586031
Paraguay,2026,7676078
Paraguay,2027,7765611
Paraguay,2028,7854566
Paraguay,2029,7942893
Paraguay,2030,8030546
Paraguay,2031,8117483
Paraguay,2032,8203619
Paraguay,2033,8288824
Paraguay,2034,8372988
Paraguay,2035,8456002
Paraguay,2036,8537812
Paraguay,2037,8618439
Paraguay,2038,8697960
Paraguay,2039,8776495
Paraguay,2040,8854166
Paraguay,2041,8930974
Paraguay,2042,9006908
Paraguay,2043,9082008
Paraguay,2044,9156321
Paraguay,2045,9229869
Paraguay,2046,9302668
Paraguay,2047,9374717
Paraguay,2048,9446010
Paraguay,2049,9516547
Paraguay,2050,9586312
Paraguay,2051,9655290
Paraguay,2052,9723463
Paraguay,2053,9790769
Paraguay,2054,9857170
Paraguay,2055,9922596
Paraguay,2056,9987028
Paraguay,2057,10050427
Paraguay,2058,10112721
Paraguay,2059,10173832
Paraguay,2060,10233660
Paraguay,2061,10292213
Paraguay,2062,10349475
Paraguay,2063,10405421
Paraguay,2064,10460032
Paraguay,2065,10513292
Paraguay,2066,10565229
Paraguay,2067,10615870
Paraguay,2068,10665285
Paraguay,2069,10713556
Paraguay,2070,10760777
Paraguay,2071,10807005
Paraguay,2072,10852308
Paraguay,2073,10896793
Paraguay,2074,10940592
Paraguay,2075,10983819
Paraguay,2076,11026558
Paraguay,2077,11068885
Paraguay,2078,11110907
Paraguay,2079,11152737
Paraguay,2080,11194481
Paraguay,2081,11236209
Paraguay,2082,11277981
Paraguay,2083,11319861
Paraguay,2084,11361900
Paraguay,2085,11404147
Paraguay,2086,11446648
Paraguay,2087,11489425
Paraguay,2088,11532481
Paraguay,2089,11575804
Paraguay,2090,11619378
Paraguay,2091,11663194
Paraguay,2092,11707270
Paraguay,2093,11751578
Paraguay,2094,11796132
Paraguay,2095,11840907
Paraguay,2096,11885882
Paraguay,2097,11931011
Paraguay,2098,11976252
Paraguay,2099,12021539
Paraguay,2100,12066782
Peru,1950,7777446
Peru,1951,7976478
Peru,1952,8184718
Peru,1953,8401374
Peru,1954,8625978
Peru,1955,8858389
Peru,1956,9098829
Peru,1957,9347840
Peru,1958,9606238
Peru,1959,9875015
Peru,1960,10155015
Peru,1961,10446620
Peru,1962,10749466
Peru,1963,11062300
Peru,1964,11383373
Peru,1965,11711392
Peru,1966,12045787
Peru,1967,12386879
Peru,1968,12735486
Peru,1969,13092852
Peru,1970,13459794
Peru,1971,13836367
Peru,1972,14221961
Peru,1973,14615845
Peru,1974,15017055
Peru,1975,15424744
Peru,1976,15838572
Peru,1977,16258321
Peru,1978,16683456
Peru,1979,17113388
Peru,1980,17547610
Peru,1981,17985393
Peru,1982,18426415
Peru,1983,18870993
Peru,1984,19319746
Peru,1985,19772872
Peru,1986,20230384
Peru,1987,20691283
Peru,1988,21153459
Peru,1989,21614193
Peru,1990,22071433
Peru,1991,22522378
Peru,1992,22966818
Peru,1993,23408131
Peru,1994,23851408
Peru,1995,24299160
Peru,1996,24753824
Peru,1997,25210954
Peru,1998,25658062
Peru,1999,26078293
Peru,2000,26459944
Peru,2001,26799285
Peru,2002,27100968
Peru,2003,27372226
Peru,2004,27624213
Peru,2005,27866145
Peru,2006,28102056
Peru,2007,28333052
Peru,2008,28562317
Peru,2009,28792655
Peru,2010,29027674
Peru,2011,29264318
Peru,2012,29506788
Peru,2013,29773987
Peru,2014,30090359
Peru,2015,30470734
Peru,2016,30926032
Peru,2017,31444298
Peru,2018,31989260
Peru,2019,32510453
Peru,2020,32971854
Peru,2021,33283800
Peru,2022,33603079
Peru,2023,33927795
Peru,2024,34256177
Peru,2025,34586570
Peru,2026,34917411
Peru,2027,35247243
Peru,2028,35574739
Peru,2029,35898676
Peru,2030,36217995
Peru,2031,36531833
Peru,2032,36839534
Peru,2033,37140702
Peru,2034,37435096
Peru,2035,37722598
Peru,2036,38002793
Peru,2037,38275583
Peru,2038,38541623
Peru,2039,38801876
Peru,2040,39057063
Peru,2041,39307392
Peru,2042,39552702
Peru,2043,39792896
Peru,2044,40027766
Peru,2045,40257156
Peru,2046,40481087
Peru,2047,40699674
Peru,2048,40913036
Peru,2049,41121270
Peru,2050,41324480
Peru,2051,41522719
Peru,2052,41715963
Peru,2053,41904117
Peru,2054,42087035
Peru,2055,42264623
Peru,2056,42436941
Peru,2057,42604054
Peru,2058,42765940
Peru,2059,42922520
Peru,2060,43073819
Peru,2061,43219968
Peru,2062,43361171
Peru,2063,43497645
Peru,2064,43629700
Peru,2065,43757615
Peru,2066,43881666
Peru,2067,44002153
Peru,2068,44119558
Peru,2069,44234443
Peru,2070,44347302
Peru,2071,44458489
Peru,2072,44568313
Peru,2073,44677246
Peru,2074,44785784
Peru,2075,44894337
Peru,2076,45003200
Peru,2077,45112602
Peru,2078,45222805
Peru,2079,45334083
Peru,2080,45446623
Peru,2081,45560554
Peru,2082,45675922
Peru,2083,45792702
Peru,2084,45910825
Peru,2085,46030176
Peru,2086,46150732
Peru,2087,46272380
Peru,2088,46394800
Peru,2089,46517592
Peru,2090,46640412
Peru,2091,46763034
Peru,2092,46885286
Peru,2093,47007063
Peru,2094,47128262
Peru,2095,47248739
Peru,2096,47368277
Peru,2097,47486624
Peru,2098,47603436
Peru,2099,47718315
Peru,2100,47830807
Suriname,1950,215002
Suriname,1951,222464
Suriname,1952,229212
Suriname,1953,235688
Suriname,1954,242213
Suriname,1955,249000
Suriname,1956,256177
Suriname,1957,263756
Suriname,1958,271666
Suriname,1959,279750
Suriname,1960,287871
Suriname,1961,295916
Suriname,1962,303895
Suriname,1963,311947
Suriname,1964,320270
Suriname,1965,328936
Suriname,1966,338158
Suriname,1967,347660
Suriname,1968,356550
Suriname,1969,363575
Suriname,1970,367931
Suriname,1971,369236
Suriname,1972,367907
Suriname,1973,364915
Suriname,1974,361667
Suriname,1975,359226
Suriname,1976,357953
Suriname,1977,357659
Suriname,1978,358099
Suriname,1979,358818
Suriname,1980,359519
Suriname,1981,360143
Suriname,1982,360920
Suriname,1983,362276
Suriname,1984,364733
Suriname,1985,368638
Suriname,1986,374140
Suriname,1987,381037
Suriname,1988,388881
Suriname,1989,397085
Suriname,1990,405168
Suriname,1991,413005
Suriname,1992,420655
Suriname,1993,428030
Suriname,1994,435105
Suriname,1995,441851
Suriname,1996,448213
Suriname,1997,454161
Suriname,1998,459831
Suriname,1999,465385
Suriname,2000,470949
Suriname,2001,476579
Suriname,2002,482235
Suriname,2003,487942
Suriname,2004,493679
Suriname,2005,499464
Suriname,2006,505295
Suriname,2007,511181
Suriname,2008,517123
Suriname,2009,523111
Suriname,2010,529131
Suriname,2011,535179
Suriname,2012,541245
Suriname,2013,547291
Suriname,2014,553273
Suriname,2015,559143
Suriname,2016,564888
Suriname,2017,570496
Suriname,2018,575990
Suriname,2019,581372
Suriname,2020,586632
Suriname,2021,591992
Suriname,2022,597307
Suriname,2023,602567
Suriname,2024,607756
Suriname,2025,612872
Suriname,2026,617921
Suriname,2027,622877
Suriname,2028,627739
Suriname,2029,632502
Suriname,2030,637174
Suriname,2031,641734
Suriname,2032,646181
Suriname,2033,650534
Suriname,2034,654758
Suriname,2035,658870
Suriname,2036,662872
Suriname,2037,666746
Suriname,2038,670512
Suriname,2039,674152
Suriname,2040,677689
Suriname,2041,681112
Suriname,2042,684433
Suriname,2043,687647
Suriname,2044,690754
Suriname,2045,693787
Suriname,2046,696712
Suriname,2047,699566
Suriname,2048,702329
Suriname,2049,705037
Suriname,2050,707673
Suriname,2051,710253
Suriname,2052,712777
Suriname,2053,715244
Suriname,2054,717680
Suriname,2055,720075
Suriname,2056,722440
Suriname,2057,724762
Suriname,2058,727065
Suriname,2059,729328
Suriname,2060,731564
Suriname,2061,733762
Suriname,2062,735937
Suriname,2063,738086
Suriname,2064,740189
Suriname,2065,742283
Suriname,2066,744324
Suriname,2067,746335
Suriname,2068,748314
Suriname,2069,750266
Suriname,2070,752176
Suriname,2071,754058
Suriname,2072,755902
Suriname,2073,757728
Suriname,2074,759521
Suriname,2075,761284
Suriname,2076,763034
Suriname,2077,764756
Suriname,2078,766470
Suriname,2079,768164
Suriname,2080,769848
Suriname,2081,771523
Suriname,2082,773192
Suriname,2083,774854
Suriname,2084,776516
Suriname,2085,778176
Suriname,2086,779844
Suriname,2087,781506
Suriname,2088,783182
Suriname,2089,784848
Suriname,2090,786520
Suriname,2091,788204
Suriname,2092,789885
Suriname,2093,791575
Suriname,2094,793266
Suriname,2095,794966
Suriname,2096,796664
Suriname,2097,798369
Suriname,2098,800074
Suriname,2099,801779
Suriname,2100,803476
Trinidad and Tobago,1950,645635
Trinidad and Tobago,1951,658749
Trinidad and Tobago,1952,675589
Trinidad and Tobago,1953,695243
Trinidad and Tobago,1954,716883
Trinidad and Tobago,1955,739709
Trinidad and Tobago,1956,762979
Trinidad and Tobago,1957,786033
Trinidad and Tobago,1958,808233
Trinidad and Tobago,1959,829019
Trinidad and Tobago,1960,847979
Trinidad and Tobago,1961,864818
Trinidad and Tobago,1962,879441
Trinidad and Tobago,1963,891944
Trinidad and Tobago,1964,902613
Trinidad and Tobago,1965,911737
Trinidad and Tobago,1966,919217
Trinidad and Tobago,1967,925235
Trinidad and Tobago,1968,930795
Trinidad and Tobago,1969,937186
Trinidad and Tobago,1970,945360
Trinidad and Tobago,1971,955741
Trinidad and Tobago,1972,968136
Trinidad and Tobago,1973,982010
Trinidad and Tobago,1974,996493
Trinidad and Tobago,1975,1010936
Trinidad and Tobago,1976,1025107
Trinidad and Tobago,1977,1039212
Trinidad and Tobago,1978,1053558
Trinidad and Tobago,1979,1068640
Trinidad and Tobago,1980,1084744
Trinidad and Tobago,1981,1101983
Trinidad and Tobago,1982,1120020
Trinidad and Tobago,1983,1138071
Trinidad and Tobago,1984,1155074
Trinidad and Tobago,1985,1170285
Trinidad and Tobago,1986,1183381
Trinidad and Tobago,1987,1194541
Trinidad and Tobago,1988,1204153
Trinidad and Tobago,1989,1212857
Trinidad and Tobago,1990,1221116
Trinidad and Tobago,1991,1229103
Trinidad and Tobago,1992,1236683
Trinidad and Tobago,1993,1243616
Trinidad and Tobago,1994,1249520
Trinidad and Tobago,1995,1254200
Trinidad and Tobago,1996,1257549
Trinidad and Tobago,1997,1259848
Trinidad and Tobago,1998,1261695
Trinidad and Tobago,1999,1263933
Trinidad and Tobago,2000,1267153
Trinidad and Tobago,2001,1271632
Trinidad and Tobago,2002,1277213
Trinidad and Tobago,2003,1283559
Trinidad and Tobago,2004,1290123
Trinidad and Tobago,2005,1296502
Trinidad and Tobago,2006,1302561
Trinidad and Tobago,2007,1308451
Trinidad and Tobago,2008,1314443
Trinidad and Tobago,2009,1320930
Trinidad and Tobago,2010,1328147
Trinidad and Tobago,2011,1336178
Trinidad and Tobago,2012,1344819
Trinidad and Tobago,2013,1353703
Trinidad and Tobago,2014,1362345
Trinidad and Tobago,2015,1370328
Trinidad and Tobago,2016,1377560
Trinidad and Tobago,2017,1384059
Trinidad and Tobago,2018,1389843
Trinidad and Tobago,2019,1394973
Trinidad and Tobago,2020,1399488
Trinidad and Tobago,2021,1403540
Trinidad and Tobago,2022,1406920
Trinidad and Tobago,2023,1409659
Trinidad and Tobago,2024,1411800
Trinidad and Tobago,2025,1413380
Trinidad and Tobago,2026,1414427
Trinidad and Tobago,2027,1414991
Trinidad and Tobago,2028,1415090
Trinidad and Tobago,2029,1414761
Trinidad and Tobago,2030,1414019
Trinidad and Tobago,2031,1412909
Trinidad and Tobago,2032,1411418
Trinidad and Tobago,2033,1409575
Trinidad and Tobago,2034,1407403
Trinidad and Tobago,2035,1404890
Trinidad and Tobago,2036,1402056
Trinidad and Tobago,2037,1398909
Trinidad and Tobago,2038,1395448
Trinidad and Tobago,2039,1391654
Trinidad and Tobago,2040,1387522
Trinidad and Tobago,2041,1383053
Trinidad and Tobago,2042,1378261
Trinidad and Tobago,2043,1373139
Trinidad and Tobago,2044,1367694
Trinidad and Tobago,2045,1361932
Trinidad and Tobago,2046,1355860
Trinidad and Tobago,2047,1349479
Trinidad and Tobago,2048,1342812
Trinidad and Tobago,2049,1335878
Trinidad and Tobago,2050,1328685
Trinidad and Tobago,2051,1321255
Trinidad and Tobago,2052,1313588
Trinidad and Tobago,2053,1305704
Trinidad and Tobago,2054,1297615
Trinidad and Tobago,2055,1289338
Trinidad and Tobago,2056,1280874
Trinidad and Tobago,2057,1272247
Trinidad and Tobago,2058,1263462
Trinidad and Tobago,2059,1254526
Trinidad and Tobago,2060,1245446
Trinidad and Tobago,2061,1236230
Trinidad and Tobago,2062,1226903
Trinidad and Tobago,2063,1217464
Trinidad and Tobago,2064,1207945
Trinidad and Tobago,2065,1198351
Trinidad and Tobago,2066,1188722
Trinidad and Tobago,2067,1179040
Trinidad and Tobago,2068,1169337
Trinidad and Tobago,2069,1159656
Trinidad and Tobago,2070,1150008
Trinidad and Tobago,2071,1140413
Trinidad and Tobago,2072,1130876
Trinidad and Tobago,2073,1121434
Trinidad and Tobago,2074,1112079
Trinidad and Tobago,2075,1102839
Trinidad and Tobago,2076,1093732
Trinidad and Tobago,2077,1084755
Trinidad and Tobago,2078,1075892
Trinidad and Tobago,2079,1067143
Trinidad and Tobago,2080,1058502
Trinidad and Tobago,2081,1049964
Trinidad and Tobago,2082,1041530
Trinidad and Tobago,2083,1033183
Trinidad and Tobago,2084,1024910
Trinidad and Tobago,2085,1016677
Trinidad and Tobago,2086,1008498
Trinidad and Tobago,2087,1000348
Trinidad and Tobago,2088,992233
Trinidad and Tobago,2089,984141
Trinidad and Tobago,2090,976068
Trinidad and Tobago,2091,968007
Trinidad and Tobago,2092,959965
Trinidad and Tobago,2093,951937
Trinidad and Tobago,2094,943933
Trinidad and Tobago,2095,935964
Trinidad and Tobago,2096,928027
Trinidad and Tobago,2097,920141
Trinidad and Tobago,2098,912311
Trinidad and Tobago,2099,904541
Trinidad and Tobago,2100,896838
Uruguay,1950,2238507
Uruguay,1951,2261341
Uruguay,1952,2286262
Uruguay,1953,2313213
Uruguay,1954,2342038
Uruguay,1955,2372559
Uruguay,1956,2404497
Uruguay,1957,2437493
Uruguay,1958,2471145
Uruguay,1959,2505010
Uruguay,1960,2538643
Uruguay,1961,2571681
Uruguay,1962,2603882
Uruguay,1963,2635126
Uruguay,1964,2665388
Uruguay,1965,2694536
Uruguay,1966,2722875
Uruguay,1967,2750086
Uruguay,1968,2774759
Uruguay,1969,2795042
Uruguay,1970,2809793
Uruguay,1971,2818281
Uruguay,1972,2821461
Uruguay,1973,2822117
Uruguay,1974,2824095
Uruguay,1975,2830176
Uruguay,1976,2841372
Uruguay,1977,2856958
Uruguay,1978,2875728
Uruguay,1979,2895688
Uruguay,1980,2915389
Uruguay,1981,2934613
Uruguay,1982,2953852
Uruguay,1983,2973036
Uruguay,1984,2992246
Uruguay,1985,3011519
Uruguay,1986,3030649
Uruguay,1987,3049581
Uruguay,1988,3068705
Uruguay,1989,3088595
Uruguay,1990,3109601
Uruguay,1991,3131660
Uruguay,1992,3154464
Uruguay,1993,3177745
Uruguay,1994,3201151
Uruguay,1995,3224281
Uruguay,1996,3247381
Uruguay,1997,3270164
Uruguay,1998,3291053
Uruguay,1999,3308012
Uruguay,2000,3319736
Uruguay,2001,3325473
Uruguay,2002,3326040
Uruguay,2003,3323668
Uruguay,2004,3321476
Uruguay,2005,3321803
Uruguay,2006,3325401
Uruguay,2007,3331749
Uruguay,2008,3340221
Uruguay,2009,3349676
Uruguay,2010,3359275
Uruguay,2011,3368934
Uruguay,2012,3378975
Uruguay,2013,3389443
Uruguay,2014,3400436
Uruguay,2015,3412009
Uruguay,2016,3424129
Uruguay,2017,3436641
Uruguay,2018,3449285
Uruguay,2019,3461734
Uruguay,2020,3473730
Uruguay,2021,3484776
Uruguay,2022,3495486
Uruguay,2023,3505836
Uruguay,2024,3515766
Uruguay,2025,3525285
Uruguay,2026,3534348
Uruguay,2027,3542947
Uruguay,2028,3551076
Uruguay,2029,3558718
Uruguay,2030,3565885
Uruguay,2031,3572561
Uruguay,2032,3578733
Uruguay,2033,3584397
Uruguay,2034,3589529
Uruguay,2035,3594127
Uruguay,2036,3598191
Uruguay,2037,3601726
Uruguay,2038,3604749
Uruguay,2039,3607291
Uruguay,2040,3609370
Uruguay,2041,3610995
Uruguay,2042,3612175
Uruguay,2043,3612941
Uruguay,2044,3613330
Uruguay,2045,3613374
Uruguay,2046,3613086
Uruguay,2047,3612469
Uruguay,2048,3611514
Uruguay,2049,3610224
Uruguay,2050,3608573
Uruguay,2051,3606581
Uruguay,2052,3604242
Uruguay,2053,3601570
Uruguay,2054,3598579
Uruguay,2055,3595250
Uruguay,2056,3591595
Uruguay,2057,3587631
Uruguay,2058,3583346
Uruguay,2059,3578751
Uruguay,2060,3573853
Uruguay,2061,3568663
Uruguay,2062,3563177
Uruguay,2063,3557412
Uruguay,2064,3551372
Uruguay,2065,3545076
Uruguay,2066,3538520
Uruguay,2067,3531725
Uruguay,2068,3524705
Uruguay,2069,3517459
Uruguay,2070,3510018
Uruguay,2071,3502384
Uruguay,2072,3494571
Uruguay,2073,3486607
Uruguay,2074,3478498
Uruguay,2075,3470282
Uruguay,2076,3461957
Uruguay,2077,3453541
Uruguay,2078,3445065
Uruguay,2079,3436528
Uruguay,2080,3427952
Uruguay,2081,3419359
Uruguay,2082,3410751
Uruguay,2083,3402138
Uruguay,2084,3393522
Uruguay,2085,3384916
Uruguay,2086,3376331
Uruguay,2087,3367775
Uruguay,2088,3359235
Uruguay,2089,3350744
Uruguay,2090,3342284
Uruguay,2091,3333872
Uruguay,2092,3325505
Uruguay,2093,3317168
Uruguay,2094,3308879
Uruguay,2095,3300619
Uruguay,2096,3292403
Uruguay,2097,3284206
Uruguay,2098,3276033
Uruguay,2099,3267875
Uruguay,2100,3259734
Venezuela (Bolivarian Republic of),1950,5481978
Venezuela (Bolivarian Republic of),1951,5726612
Venezuela (Bolivarian Republic of),1952,5974436
Venezuela (Bolivarian Republic of),1953,6226290
Venezuela (Bolivarian Republic of),1954,6482860
Venezuela (Bolivarian Republic of),1955,6744695
Venezuela (Bolivarian Republic of),1956,7012184
Venezuela (Bolivarian Republic of),1957,7285571
Venezuela (Bolivarian Republic of),1958,7564979
Venezuela (Bolivarian Republic of),1959,7850413
Venezuela (Bolivarian Republic of),1960,8141841
Venezuela (Bolivarian Republic of),1961,8439261
Venezuela (Bolivarian Republic of),1962,8742777
Venezuela (Bolivarian Republic of),1963,9052635
Venezuela (Bolivarian Republic of),1964,9369096
Venezuela (Bolivarian Republic of),1965,9692278
Venezuela (Bolivarian Republic of),1966,10022592
Venezuela (Bolivarian Republic of),1967,10359745
Venezuela (Bolivarian Republic of),1968,10702291
Venezuela (Bolivarian Republic of),1969,11048262
Venezuela (Bolivarian Republic of),1970,11396393
Venezuela (Bolivarian Republic of),1971,11745945
Venezuela (Bolivarian Republic of),1972,12097694
Venezuela (Bolivarian Republic of),1973,12453718
Venezuela (Bolivarian Republic of),1974,12816955
Venezuela (Bolivarian Republic of),1975,13189509
Venezuela (Bolivarian Republic of),1976,13572208
Venezuela (Bolivarian Republic of),1977,13964379
Venezuela (Bolivarian Republic of),1978,14364727
Venezuela (Bolivarian Republic of),1979,14771271
Venezuela (Bolivarian Republic of),1980,15182611
Venezuela (Bolivarian Republic of),1981,15597886
Venezuela (Bolivarian Republic of),1982,16017573
Venezuela (Bolivarian Republic of),1983,16443134
Venezuela (Bolivarian Republic of),1984,16876703
Venezuela (Bolivarian Republic of),1985,17319520
Venezuela (Bolivarian Republic of),1986,17772001
Venezuela (Bolivarian Republic of),1987,18232730
Venezuela (Bolivarian Republic of),1988,18698847
Venezuela (Bolivarian Republic of),1989,19166471
Venezuela (Bolivarian Republic of),1990,19632665
Venezuela (Bolivarian Republic of),1991,20096317
Venezuela (Bolivarian Republic of),1992,20557683
Venezuela (Bolivarian Republic of),1993,21016901
Venezuela (Bolivarian Republic of),1994,21474549
Venezuela (Bolivarian Republic of),1995,21931084
Venezuela (Bolivarian Republic of),1996,22385650
Venezuela (Bolivarian Republic of),1997,22837743
Venezuela (Bolivarian Republic of),1998,23288564
Venezuela (Bolivarian Republic of),1999,23739841
Venezuela (Bolivarian Republic of),2000,24192446
Venezuela (Bolivarian Republic of),2001,24646472
Venezuela (Bolivarian Republic of),2002,25100408
Venezuela (Bolivarian Republic of),2003,25551624
Venezuela (Bolivarian Republic of),2004,25996594
Venezuela (Bolivarian Republic of),2005,26432447
Venezuela (Bolivarian Republic of),2006,26850194
Venezuela (Bolivarian Republic of),2007,27247610
Venezuela (Bolivarian Republic of),2008,27635832
Venezuela (Bolivarian Republic of),2009,28031009
Venezuela (Bolivarian Republic of),2010,28439940
Venezuela (Bolivarian Republic of),2011,28887874
Venezuela (Bolivarian Republic of),2012,29360837
Venezuela (Bolivarian Republic of),2013,29781040
Venezuela (Bolivarian Republic of),2014,30042968
Venezuela (Bolivarian Republic of),2015,30081829
Venezuela (Bolivarian Republic of),2016,29851255
Venezuela (Bolivarian Republic of),2017,29402484
Venezuela (Bolivarian Republic of),2018,28887118
Venezuela (Bolivarian Republic of),2019,28515829
Venezuela (Bolivarian Republic of),2020,28435940
Venezuela (Bolivarian Republic of),2021,29147049
Venezuela (Bolivarian Republic of),2022,29812083
Venezuela (Bolivarian Republic of),2023,30436981
Venezuela (Bolivarian Republic of),2024,31026077
Venezuela (Bolivarian Republic of),2025,31582083
Venezuela (Bolivarian Republic of),2026,32106048
Venezuela (Bolivarian Republic of),2027,32597397
Venezuela (Bolivarian Republic of),2028,33054240
Venezuela (Bolivarian Republic of),2029,33473873
Venezuela (Bolivarian Republic of),2030,33854214
Venezuela (Bolivarian Republic of),2031,34195370
Venezuela (Bolivarian Republic of),2032,34500987
Venezuela (Bolivarian Republic of),2033,34778851
Venezuela (Bolivarian Republic of),2034,35039192
Venezuela (Bolivarian Republic of),2035,35289887
Venezuela (Bolivarian Republic of),2036,35534474
Venezuela (Bolivarian Republic of),2037,35772825
Venezuela (Bolivarian Republic of),2038,36004605
Venezuela (Bolivarian Republic of),2039,36228052
Venezuela (Bolivarian Republic of),2040,36442041
Venezuela (Bolivarian Republic of),2041,36647486
Venezuela (Bolivarian Republic of),2042,36846177
Venezuela (Bolivarian Republic of),2043,37038778
Venezuela (Bolivarian Republic of),2044,37225946
Venezuela (Bolivarian Republic of),2045,37408224
Venezuela (Bolivarian Republic of),2046,37586090
Venezuela (Bolivarian Republic of),2047,37759852
Venezuela (Bolivarian Republic of),2048,37929681
Venezuela (Bolivarian Republic of),2049,38095631
Venezuela (Bolivarian Republic of),2050,38257778
Venezuela (Bolivarian Republic of),2051,38416297
Venezuela (Bolivarian Republic of),2052,38571365
Venezuela (Bolivarian Republic of),2053,38723014
Venezuela (Bolivarian Republic of),2054,38871230
Venezuela (Bolivarian Republic of),2055,39015979
Venezuela (Bolivarian Republic of),2056,39157341
Venezuela (Bolivarian Republic of),2057,39295350
Venezuela (Bolivarian Republic of),2058,39429949
Venezuela (Bolivarian Republic of),2059,39561009
Venezuela (Bolivarian Republic of),2060,39688464
Venezuela (Bolivarian Republic of),2061,39812338
Venezuela (Bolivarian Republic of),2062,39932692
Venezuela (Bolivarian Republic of),2063,40049513
Venezuela (Bolivarian Republic of),2064,40162806
Venezuela (Bolivarian Republic of),2065,40272578
Venezuela (Bolivarian Republic of),2066,40378913
Venezuela (Bolivarian Republic of),2067,40481925
Venezuela (Bolivarian Republic of),2068,40581747
Venezuela (Bolivarian Republic of),2069,40678548
Venezuela (Bolivarian Republic of),2070,40772488
Venezuela (Bolivarian Republic of),2071,40863727
Venezuela (Bolivarian Republic of),2072,40952442
Venezuela (Bolivarian Republic of),2073,41038853
Venezuela (Bolivarian Republic of),2074,41123230
Venezuela (Bolivarian Republic of),2075,41205829
Venezuela (Bolivarian Republic of),2076,41286820
Venezuela (Bolivarian Republic of),2077,41366404
Venezuela (Bolivarian Republic of),2078,41444854
Venezuela (Bolivarian Republic of),2079,41522479
Venezuela (Bolivarian Republic of),2080,41599534
Venezuela (Bolivarian Republic of),2081,41676214
Venezuela (Bolivarian Republic of),2082,41752636
Venezuela (Bolivarian Republic of),2083,41828976
Venezuela (Bolivarian Republic of),2084,41905361
Venezuela (Bolivarian Republic of),2085,41981925
Venezuela (Bolivarian Republic of),2086,42058761
Venezuela (Bolivarian Republic of),2087,42135951
Venezuela (Bolivarian Republic of),2088,42213553
Venezuela (Bolivarian Republic of),2089,42291599
Venezuela (Bolivarian Republic of),2090,42370102
Venezuela (Bolivarian Republic of),2091,42449071
Venezuela (Bolivarian Republic of),2092,42528508
Venezuela (Bolivarian Republic of),2093,42608412
Venezuela (Bolivarian Republic of),2094,42688737
Venezuela (Bolivarian Republic of),2095,42769456
Venezuela (Bolivarian Republic of),2096,42850489
Venezuela (Bolivarian Republic of),2097,42931753
Venezuela (Bolivarian Republic of),2098,43013151
Venezuela (Bolivarian Republic of),2099,43094533
Venezuela (Bolivarian Republic of),2100,43175766
